act,iotype
create_file,file update
flush_dir,dir update
flush_file,file update
get_key,key op
ioctl_dir,dir op
ioctl_file,file op
key_op,key op
link,dir update
lock_dir,dir op
lock_file,file op
make_dir,dir update
mknod,dir update
read_attr,file read
read_dir,dir read
read_dir_attr,dir read
read_dir_sec_attr,dir read
read_file,file read
read_file_sec_attr,file read
remove_dir,dir update
remove_dir,dir update
remove_file,dir update
rename,dir update
symlink,dir update
unknown_acc,other
write_app,file update
write_dir,dir update
write_dir_attr,dir update
write_dir_sec_attr,dir update
write_dir_sec_attr_size,dir update
write_file,file update
write_file_attr,file update
write_file_sec_attr,file update
write_file_sec_attr_size,file update
