host, path, last_modified
"127.0.0.1",CSMS,1531812000
"127.0.0.1",Core,1531812000
"127.0.0.1","CoreBackend/felixli/SPLCORE-qa-poc",1531812000
"127.0.0.1",Docker,1531812000
"127.0.0.1","Jenkins-background-tasks",1531812000
"127.0.0.1","Maintenance Tool",1531812000
"127.0.0.1","Pull_Request_Tests",1531812000
"127.0.0.1","Splunk/Debug",1531812000
"127.0.0.1",StackMakr,1531812000
"127.0.0.1","Testcube/generic_jobs_testcube",1531812000
"127.0.0.1","UT_Develop",1531812000
"127.0.0.1","app-itsi-test-env",1531812000
"127.0.0.1","appinspect-api",1531812000
"127.0.0.1","perf/perf-harness-migrated-cases-multiple-pipeline",1531812000
"127.0.0.1","splunk-dfs",1531812000
612817a0fa08,CoreQA,1532317200
612817a0fa08,Docker,1532317200
612817a0fa08,Operation,1532317200
87a850325765,CoreQA,1532317200
87a850325765,Docker,1532317200
87a850325765,Operation,1532317200
4d634664f096,Docker,1532318400
4d634664f096,Operation,1532318400
4d634664f096,CoreQA,1532320800
5012ef2e9a37,Docker,1532499600
5012ef2e9a37,Operation,1532499600
5012ef2e9a37,CoreQA,1532505600
812c868fb795,CoreQA,1532527200
812c868fb795,Docker,1532527200
812c868fb795,Operation,1532527200
"sv3-qti-web02.sv.splunk.com",debug,1532571600
812c868fb795,"app-ess",1532665200
"sv3-qti-web02.sv.splunk.com",CoreQA,1532916000
"sv3-qti-web02.sv.splunk.com",Docker,1532916000
"sv3-qti-web02.sv.splunk.com","Rubikscube_tests",1533102000
5679ef81f9f7,Docker,1533138000
5679ef81f9f7,Operation,1533138000
5679ef81f9f7,CoreQA,1533176400
"sv3-qti-web02.sv.splunk.com","integration-test/shared-lib-it-test/jenkinsfiletest",1533201600
"sv3-qti-web02.sv.splunk.com","TodoApp/poc",1533543600
"sv3-qti-web02.sv.splunk.com",splunkins,1533566400
"sv3-qti-web02.sv.splunk.com","integration-test/shared-lib-it-test/pipeline-shared-test",1533693600
"sv3-qti-web02.sv.splunk.com","Testcube/generic_jobs_testcube",1533769200
"sv3-qti-web02.sv.splunk.com","integration-test/shared-lib-it-test/testvar",1533866400
"jenkins-core-dom-dev",Docker,1534200000
"jenkins-core-dom-dev",Operation,1534200000
"jenkins-core-dom-dev",CoreQA,1534212000
