james@demo.com,172.20.10.49
john@demo.com,172.20.10.50
robert@demo.com,172.20.10.51
michael@demo.com,172.20.10.52
william@demo.com,172.20.10.53
david@demo.com,172.20.10.54
richard@demo.com,172.20.10.55
charles@demo.com,172.20.10.56
joseph@demo.com,172.20.10.57
thomas@demo.com,172.20.10.58
christopher@demo.com,172.20.10.59
daniel@demo.com,172.20.10.60
paul@demo.com,172.20.10.61
mark@demo.com,172.20.10.62
donald@demo.com,172.20.10.63
george@demo.com,172.20.10.64
kenneth@demo.com,172.20.10.65
steven@demo.com,172.20.10.66
edward@demo.com,172.20.10.67
brian@demo.com,172.20.10.68
ronald@demo.com,172.20.10.69
anthony@demo.com,172.20.10.70
kevin@demo.com,172.20.10.71
jason@demo.com,172.20.10.72
matthew@demo.com,172.20.10.73
gary@demo.com,172.20.10.74
timothy@demo.com,172.20.10.75
jose@demo.com,172.20.10.76
larry@demo.com,172.20.10.77
jeffrey@demo.com,172.20.10.78
frank@demo.com,172.20.10.79
scott@demo.com,172.20.10.80
eric@demo.com,172.20.10.81
stephen@demo.com,172.20.10.82
andrew@demo.com,172.20.10.83
raymond@demo.com,172.20.10.84
gregory@demo.com,172.20.10.85
joshua@demo.com,172.20.10.86
jerry@demo.com,172.20.10.87
dennis@demo.com,172.20.10.88
walter@demo.com,172.20.10.89
patrick@demo.com,172.20.10.90
peter@demo.com,172.20.10.91
harold@demo.com,172.20.10.92
douglas@demo.com,172.20.10.93
henry@demo.com,172.20.10.94
carl@demo.com,172.20.10.95
arthur@demo.com,172.20.10.96
ryan@demo.com,172.20.10.97
roger@demo.com,172.20.10.98
joe@demo.com,172.20.10.99
juan@demo.com,172.20.10.100
jack@demo.com,172.20.10.101
albert@demo.com,172.20.10.102
jonathan@demo.com,172.20.10.103
justin@demo.com,172.20.10.104
terry@demo.com,172.20.10.105
gerald@demo.com,172.20.10.106
keith@demo.com,172.20.10.107
samuel@demo.com,172.20.10.108
willie@demo.com,172.20.10.109
ralph@demo.com,172.20.10.110
lawrence@demo.com,172.20.10.111
nicholas@demo.com,172.20.10.112
roy@demo.com,172.20.10.113
benjamin@demo.com,172.20.10.114
bruce@demo.com,172.20.10.115
brandon@demo.com,172.20.10.116
adam@demo.com,172.20.10.117
harry@demo.com,172.20.10.118
fred@demo.com,172.20.10.119
wayne@demo.com,172.20.10.120
billy@demo.com,172.20.10.121
steve@demo.com,172.20.10.122
louis@demo.com,172.20.10.123
jeremy@demo.com,172.20.10.124
aaron@demo.com,172.20.10.125
randy@demo.com,172.20.10.126
howard@demo.com,172.20.10.127
eugene@demo.com,172.20.10.128
carlos@demo.com,172.20.10.129
russell@demo.com,172.20.10.130
bobby@demo.com,172.20.10.131
victor@demo.com,172.20.10.132
martin@demo.com,172.20.10.133
ernest@demo.com,172.20.10.134
phillip@demo.com,172.20.10.135
todd@demo.com,172.20.10.136
jesse@demo.com,172.20.10.137
craig@demo.com,172.20.10.138
alan@demo.com,172.20.10.139
shawn@demo.com,172.20.10.140
clarence@demo.com,172.20.10.141
sean@demo.com,172.20.10.142
philip@demo.com,172.20.10.143
chris@demo.com,172.20.10.144
johnny@demo.com,172.20.10.145
earl@demo.com,172.20.10.146
jimmy@demo.com,172.20.10.147
antonio@demo.com,172.20.10.148
danny@demo.com,172.20.10.149
bryan@demo.com,172.20.10.150
tony@demo.com,172.20.10.151
luis@demo.com,172.20.10.152
mike@demo.com,172.20.10.153
stanley@demo.com,172.20.10.154
leonard@demo.com,172.20.10.155
nathan@demo.com,172.20.10.156
dale@demo.com,172.20.10.157
manuel@demo.com,172.20.10.158
rodney@demo.com,172.20.10.159
curtis@demo.com,172.20.10.160
norman@demo.com,172.20.10.161
allen@demo.com,172.20.10.162
marvin@demo.com,172.20.10.163
vincent@demo.com,172.20.10.164
glenn@demo.com,172.20.10.165
jeffery@demo.com,172.20.10.166
travis@demo.com,172.20.10.167
jeff@demo.com,172.20.10.168
chad@demo.com,172.20.10.169
jacob@demo.com,172.20.10.170
lee@demo.com,172.20.10.171
melvin@demo.com,172.20.10.172
alfred@demo.com,172.20.10.173
kyle@demo.com,172.20.10.174
francis@demo.com,172.20.10.175
bradley@demo.com,172.20.10.176
jesus@demo.com,172.20.10.177
herbert@demo.com,172.20.10.178
frederick@demo.com,172.20.10.179
ray@demo.com,172.20.10.180
joel@demo.com,172.20.10.181
edwin@demo.com,172.20.10.182
don@demo.com,172.20.10.183
eddie@demo.com,172.20.10.184
ricky@demo.com,172.20.10.185
troy@demo.com,172.20.10.186
randall@demo.com,172.20.10.187
barry@demo.com,172.20.10.188
alexander@demo.com,172.20.10.189
bernard@demo.com,172.20.10.190
mario@demo.com,172.20.10.191
leroy@demo.com,172.20.10.192
francisco@demo.com,172.20.10.193
marcus@demo.com,172.20.10.194
micheal@demo.com,172.20.10.195
theodore@demo.com,172.20.10.196
clifford@demo.com,172.20.10.197
miguel@demo.com,172.20.10.198
oscar@demo.com,172.20.10.199
jay@demo.com,172.20.10.200
jim@demo.com,172.20.10.201
tom@demo.com,172.20.10.202
calvin@demo.com,172.20.10.203
alex@demo.com,172.20.10.204
jon@demo.com,172.20.10.205
ronnie@demo.com,172.20.10.206
bill@demo.com,172.20.10.207
lloyd@demo.com,172.20.10.208
tommy@demo.com,172.20.10.209
leon@demo.com,172.20.10.210
derek@demo.com,172.20.10.211
warren@demo.com,172.20.10.212
darrell@demo.com,172.20.10.213
jerome@demo.com,172.20.10.214
floyd@demo.com,172.20.10.215
leo@demo.com,172.20.10.216
alvin@demo.com,172.20.10.217
tim@demo.com,172.20.10.218
wesley@demo.com,172.20.10.219
gordon@demo.com,172.20.10.220
dean@demo.com,172.20.10.221
greg@demo.com,172.20.10.222
jorge@demo.com,172.20.10.223
dustin@demo.com,172.20.10.224
pedro@demo.com,172.20.10.225
derrick@demo.com,172.20.10.226
dan@demo.com,172.20.10.227
lewis@demo.com,172.20.10.228
zachary@demo.com,172.20.10.229
corey@demo.com,172.20.10.230
herman@demo.com,172.20.10.231
maurice@demo.com,172.20.10.232
vernon@demo.com,172.20.10.233
roberto@demo.com,172.20.10.234
clyde@demo.com,172.20.10.235
glen@demo.com,172.20.10.236
hector@demo.com,172.20.10.237
shane@demo.com,172.20.10.238
ricardo@demo.com,172.20.10.239
sam@demo.com,172.20.11.49
rick@demo.com,172.20.11.50
lester@demo.com,172.20.11.51
brent@demo.com,172.20.11.52
ramon@demo.com,172.20.11.53
charlie@demo.com,172.20.11.54
tyler@demo.com,172.20.11.55
gilbert@demo.com,172.20.11.56
gene@demo.com,172.20.11.57
marc@demo.com,172.20.11.58
reginald@demo.com,172.20.11.59
ruben@demo.com,172.20.11.60
brett@demo.com,172.20.11.61
angel@demo.com,172.20.11.62
nathaniel@demo.com,172.20.11.63
rafael@demo.com,172.20.11.64
leslie@demo.com,172.20.11.65
edgar@demo.com,172.20.11.66
milton@demo.com,172.20.11.67
raul@demo.com,172.20.11.68
ben@demo.com,172.20.11.69
chester@demo.com,172.20.11.70
cecil@demo.com,172.20.11.71
duane@demo.com,172.20.11.72
franklin@demo.com,172.20.11.73
andre@demo.com,172.20.11.74
elmer@demo.com,172.20.11.75
brad@demo.com,172.20.11.76
gabriel@demo.com,172.20.11.77
ron@demo.com,172.20.11.78
mitchell@demo.com,172.20.11.79
roland@demo.com,172.20.11.80
arnold@demo.com,172.20.11.81
harvey@demo.com,172.20.11.82
jared@demo.com,172.20.11.83
adrian@demo.com,172.20.11.84
karl@demo.com,172.20.11.85
cory@demo.com,172.20.11.86
claude@demo.com,172.20.11.87
erik@demo.com,172.20.11.88
darryl@demo.com,172.20.11.89
jamie@demo.com,172.20.11.90
neil@demo.com,172.20.11.91
jessie@demo.com,172.20.11.92
christian@demo.com,172.20.11.93
javier@demo.com,172.20.11.94
fernando@demo.com,172.20.11.95
clinton@demo.com,172.20.11.96
ted@demo.com,172.20.11.97
mathew@demo.com,172.20.11.98
tyrone@demo.com,172.20.11.99
darren@demo.com,172.20.11.100
lonnie@demo.com,172.20.11.101
lance@demo.com,172.20.11.102
cody@demo.com,172.20.11.103
julio@demo.com,172.20.11.104
kelly@demo.com,172.20.11.105
kurt@demo.com,172.20.11.106
allan@demo.com,172.20.11.107
nelson@demo.com,172.20.11.108
guy@demo.com,172.20.11.109
clayton@demo.com,172.20.11.110
hugh@demo.com,172.20.11.111
max@demo.com,172.20.11.112
dwayne@demo.com,172.20.11.113
dwight@demo.com,172.20.11.114
armando@demo.com,172.20.11.115
felix@demo.com,172.20.11.116
jimmie@demo.com,172.20.11.117
everett@demo.com,172.20.11.118
jordan@demo.com,172.20.11.119
ian@demo.com,172.20.11.120
wallace@demo.com,172.20.11.121
ken@demo.com,172.20.11.122
bob@demo.com,172.20.11.123
jaime@demo.com,172.20.11.124
casey@demo.com,172.20.11.125
alfredo@demo.com,172.20.11.126
alberto@demo.com,172.20.11.127
dave@demo.com,172.20.11.128
ivan@demo.com,172.20.11.129
johnnie@demo.com,172.20.11.130
sidney@demo.com,172.20.11.131
byron@demo.com,172.20.11.132
julian@demo.com,172.20.11.133
isaac@demo.com,172.20.11.134
morris@demo.com,172.20.11.135
clifton@demo.com,172.20.11.136
willard@demo.com,172.20.11.137
daryl@demo.com,172.20.11.138
ross@demo.com,172.20.11.139
virgil@demo.com,172.20.11.140
andy@demo.com,172.20.11.141
marshall@demo.com,172.20.11.142
salvador@demo.com,172.20.11.143
perry@demo.com,172.20.11.144
kirk@demo.com,172.20.11.145
sergio@demo.com,172.20.11.146
marion@demo.com,172.20.11.147
tracy@demo.com,172.20.11.148
seth@demo.com,172.20.11.149
kent@demo.com,172.20.11.150
terrance@demo.com,172.20.11.151
rene@demo.com,172.20.11.152
eduardo@demo.com,172.20.11.153
terrence@demo.com,172.20.11.154
enrique@demo.com,172.20.11.155
freddie@demo.com,172.20.11.156
wade@demo.com,172.20.11.157
austin@demo.com,172.20.11.158
stuart@demo.com,172.20.11.159
fredrick@demo.com,172.20.11.160
arturo@demo.com,172.20.11.161
alejandro@demo.com,172.20.11.162
jackie@demo.com,172.20.11.163
joey@demo.com,172.20.11.164
nick@demo.com,172.20.11.165
luther@demo.com,172.20.11.166
wendell@demo.com,172.20.11.167
jeremiah@demo.com,172.20.11.168
evan@demo.com,172.20.11.169
julius@demo.com,172.20.11.170
dana@demo.com,172.20.11.171
donnie@demo.com,172.20.11.172
otis@demo.com,172.20.11.173
shannon@demo.com,172.20.11.174
trevor@demo.com,172.20.11.175
oliver@demo.com,172.20.11.176
luke@demo.com,172.20.11.177
homer@demo.com,172.20.11.178
gerard@demo.com,172.20.11.179
doug@demo.com,172.20.11.180
kenny@demo.com,172.20.11.181
hubert@demo.com,172.20.11.182
angelo@demo.com,172.20.11.183
shaun@demo.com,172.20.11.184
lyle@demo.com,172.20.11.185
matt@demo.com,172.20.11.186
lynn@demo.com,172.20.11.187
alfonso@demo.com,172.20.11.188
orlando@demo.com,172.20.11.189
rex@demo.com,172.20.11.190
carlton@demo.com,172.20.11.191
ernesto@demo.com,172.20.11.192
cameron@demo.com,172.20.11.193
neal@demo.com,172.20.11.194
pablo@demo.com,172.20.11.195
lorenzo@demo.com,172.20.11.196
omar@demo.com,172.20.11.197
wilbur@demo.com,172.20.11.198
blake@demo.com,172.20.11.199
grant@demo.com,172.20.11.200
horace@demo.com,172.20.11.201
roderick@demo.com,172.20.11.202
kerry@demo.com,172.20.11.203
abraham@demo.com,172.20.11.204
willis@demo.com,172.20.11.205
rickey@demo.com,172.20.11.206
jean@demo.com,172.20.11.207
ira@demo.com,172.20.11.208
andres@demo.com,172.20.11.209
cesar@demo.com,172.20.11.210
johnathan@demo.com,172.20.11.211
malcolm@demo.com,172.20.11.212
rudolph@demo.com,172.20.11.213
damon@demo.com,172.20.11.214
kelvin@demo.com,172.20.11.215
rudy@demo.com,172.20.11.216
preston@demo.com,172.20.11.217
alton@demo.com,172.20.11.218
archie@demo.com,172.20.11.219
marco@demo.com,172.20.11.220
wm@demo.com,172.20.11.221
pete@demo.com,172.20.11.222
randolph@demo.com,172.20.11.223
garry@demo.com,172.20.11.224
geoffrey@demo.com,172.20.11.225
jonathon@demo.com,172.20.11.226
felipe@demo.com,172.20.11.227
bennie@demo.com,172.20.11.228
gerardo@demo.com,172.20.11.229
ed@demo.com,172.20.11.230
dominic@demo.com,172.20.11.231
robin@demo.com,172.20.11.232
loren@demo.com,172.20.11.233
delbert@demo.com,172.20.11.234
colin@demo.com,172.20.11.235
guillermo@demo.com,172.20.11.236
earnest@demo.com,172.20.11.237
lucas@demo.com,172.20.11.238
benny@demo.com,172.20.11.239
noel@demo.com,172.20.12.49
spencer@demo.com,172.20.12.50
rodolfo@demo.com,172.20.12.51
myron@demo.com,172.20.12.52
edmund@demo.com,172.20.12.53
garrett@demo.com,172.20.12.54
salvatore@demo.com,172.20.12.55
cedric@demo.com,172.20.12.56
lowell@demo.com,172.20.12.57
gregg@demo.com,172.20.12.58
sherman@demo.com,172.20.12.59
wilson@demo.com,172.20.12.60
devin@demo.com,172.20.12.61
sylvester@demo.com,172.20.12.62
kim@demo.com,172.20.12.63
roosevelt@demo.com,172.20.12.64
israel@demo.com,172.20.12.65
jermaine@demo.com,172.20.12.66
forrest@demo.com,172.20.12.67
wilbert@demo.com,172.20.12.68
leland@demo.com,172.20.12.69
simon@demo.com,172.20.12.70
guadalupe@demo.com,172.20.12.71
clark@demo.com,172.20.12.72
irving@demo.com,172.20.12.73
carroll@demo.com,172.20.12.74
bryant@demo.com,172.20.12.75
owen@demo.com,172.20.12.76
rufus@demo.com,172.20.12.77
woodrow@demo.com,172.20.12.78
sammy@demo.com,172.20.12.79
kristopher@demo.com,172.20.12.80
mack@demo.com,172.20.12.81
levi@demo.com,172.20.12.82
marcos@demo.com,172.20.12.83
gustavo@demo.com,172.20.12.84
jake@demo.com,172.20.12.85
lionel@demo.com,172.20.12.86
marty@demo.com,172.20.12.87
taylor@demo.com,172.20.12.88
ellis@demo.com,172.20.12.89
dallas@demo.com,172.20.12.90
gilberto@demo.com,172.20.12.91
clint@demo.com,172.20.12.92
nicolas@demo.com,172.20.12.93
laurence@demo.com,172.20.12.94
ismael@demo.com,172.20.12.95
orville@demo.com,172.20.12.96
drew@demo.com,172.20.12.97
jody@demo.com,172.20.12.98
ervin@demo.com,172.20.12.99
dewey@demo.com,172.20.12.100
al@demo.com,172.20.12.101
wilfred@demo.com,172.20.12.102
josh@demo.com,172.20.12.103
hugo@demo.com,172.20.12.104
ignacio@demo.com,172.20.12.105
caleb@demo.com,172.20.12.106
tomas@demo.com,172.20.12.107
sheldon@demo.com,172.20.12.108
erick@demo.com,172.20.12.109
frankie@demo.com,172.20.12.110
stewart@demo.com,172.20.12.111
doyle@demo.com,172.20.12.112
darrel@demo.com,172.20.12.113
rogelio@demo.com,172.20.12.114
terence@demo.com,172.20.12.115
santiago@demo.com,172.20.12.116
alonzo@demo.com,172.20.12.117
elias@demo.com,172.20.12.118
bert@demo.com,172.20.12.119
elbert@demo.com,172.20.12.120
ramiro@demo.com,172.20.12.121
conrad@demo.com,172.20.12.122
pat@demo.com,172.20.12.123
noah@demo.com,172.20.12.124
grady@demo.com,172.20.12.125
phil@demo.com,172.20.12.126
cornelius@demo.com,172.20.12.127
lamar@demo.com,172.20.12.128
rolando@demo.com,172.20.12.129
clay@demo.com,172.20.12.130
percy@demo.com,172.20.12.131
dexter@demo.com,172.20.12.132
bradford@demo.com,172.20.12.133
merle@demo.com,172.20.12.134
darin@demo.com,172.20.12.135
amos@demo.com,172.20.12.136
terrell@demo.com,172.20.12.137
moses@demo.com,172.20.12.138
irvin@demo.com,172.20.12.139
saul@demo.com,172.20.12.140
roman@demo.com,172.20.12.141
darnell@demo.com,172.20.12.142
randal@demo.com,172.20.12.143
tommie@demo.com,172.20.12.144
timmy@demo.com,172.20.12.145
darrin@demo.com,172.20.12.146
winston@demo.com,172.20.12.147
brendan@demo.com,172.20.12.148
toby@demo.com,172.20.12.149
van@demo.com,172.20.12.150
abel@demo.com,172.20.12.151
dominick@demo.com,172.20.12.152
boyd@demo.com,172.20.12.153
courtney@demo.com,172.20.12.154
jan@demo.com,172.20.12.155
emilio@demo.com,172.20.12.156
elijah@demo.com,172.20.12.157
cary@demo.com,172.20.12.158
domingo@demo.com,172.20.12.159
santos@demo.com,172.20.12.160
aubrey@demo.com,172.20.12.161
emmett@demo.com,172.20.12.162
marlon@demo.com,172.20.12.163
emanuel@demo.com,172.20.12.164
jerald@demo.com,172.20.12.165
edmond@demo.com,172.20.12.166
emil@demo.com,172.20.12.167
dewayne@demo.com,172.20.12.168
will@demo.com,172.20.12.169
otto@demo.com,172.20.12.170
teddy@demo.com,172.20.12.171
reynaldo@demo.com,172.20.12.172
bret@demo.com,172.20.12.173
morgan@demo.com,172.20.12.174
jess@demo.com,172.20.12.175
trent@demo.com,172.20.12.176
humberto@demo.com,172.20.12.177
emmanuel@demo.com,172.20.12.178
stephan@demo.com,172.20.12.179
louie@demo.com,172.20.12.180
vicente@demo.com,172.20.12.181
lamont@demo.com,172.20.12.182
stacy@demo.com,172.20.12.183
garland@demo.com,172.20.12.184
miles@demo.com,172.20.12.185
micah@demo.com,172.20.12.186
efrain@demo.com,172.20.12.187
billie@demo.com,172.20.12.188
logan@demo.com,172.20.12.189
heath@demo.com,172.20.12.190
rodger@demo.com,172.20.12.191
harley@demo.com,172.20.12.192
demetrius@demo.com,172.20.12.193
ethan@demo.com,172.20.12.194
eldon@demo.com,172.20.12.195
rocky@demo.com,172.20.12.196
pierre@demo.com,172.20.12.197
junior@demo.com,172.20.12.198
freddy@demo.com,172.20.12.199
eli@demo.com,172.20.12.200
bryce@demo.com,172.20.12.201
antoine@demo.com,172.20.12.202
robbie@demo.com,172.20.12.203
kendall@demo.com,172.20.12.204
royce@demo.com,172.20.12.205
sterling@demo.com,172.20.12.206
mickey@demo.com,172.20.12.207
chase@demo.com,172.20.12.208
grover@demo.com,172.20.12.209
elton@demo.com,172.20.12.210
cleveland@demo.com,172.20.12.211
dylan@demo.com,172.20.12.212
chuck@demo.com,172.20.12.213
damian@demo.com,172.20.12.214
reuben@demo.com,172.20.12.215
stan@demo.com,172.20.12.216
august@demo.com,172.20.12.217
leonardo@demo.com,172.20.12.218
jasper@demo.com,172.20.12.219
russel@demo.com,172.20.12.220
erwin@demo.com,172.20.12.221
benito@demo.com,172.20.12.222
hans@demo.com,172.20.12.223
monte@demo.com,172.20.12.224
blaine@demo.com,172.20.12.225
ernie@demo.com,172.20.12.226
curt@demo.com,172.20.12.227
quentin@demo.com,172.20.12.228
agustin@demo.com,172.20.12.229
murray@demo.com,172.20.12.230
jamal@demo.com,172.20.12.231
devon@demo.com,172.20.12.232
adolfo@demo.com,172.20.12.233
harrison@demo.com,172.20.12.234
tyson@demo.com,172.20.12.235
burton@demo.com,172.20.12.236
brady@demo.com,172.20.12.237
elliott@demo.com,172.20.12.238
wilfredo@demo.com,172.20.12.239
bart@demo.com,172.20.13.49
jarrod@demo.com,172.20.13.50
vance@demo.com,172.20.13.51
denis@demo.com,172.20.13.52
damien@demo.com,172.20.13.53
joaquin@demo.com,172.20.13.54
harlan@demo.com,172.20.13.55
desmond@demo.com,172.20.13.56
elliot@demo.com,172.20.13.57
darwin@demo.com,172.20.13.58
ashley@demo.com,172.20.13.59
gregorio@demo.com,172.20.13.60
buddy@demo.com,172.20.13.61
xavier@demo.com,172.20.13.62
kermit@demo.com,172.20.13.63
roscoe@demo.com,172.20.13.64
esteban@demo.com,172.20.13.65
anton@demo.com,172.20.13.66
solomon@demo.com,172.20.13.67
scotty@demo.com,172.20.13.68
norbert@demo.com,172.20.13.69
elvin@demo.com,172.20.13.70
williams@demo.com,172.20.13.71
nolan@demo.com,172.20.13.72
carey@demo.com,172.20.13.73
rod@demo.com,172.20.13.74
quinton@demo.com,172.20.13.75
hal@demo.com,172.20.13.76
brain@demo.com,172.20.13.77
rob@demo.com,172.20.13.78
elwood@demo.com,172.20.13.79
kendrick@demo.com,172.20.13.80
darius@demo.com,172.20.13.81
moises@demo.com,172.20.13.82
son@demo.com,172.20.13.83
marlin@demo.com,172.20.13.84
fidel@demo.com,172.20.13.85
thaddeus@demo.com,172.20.13.86
cliff@demo.com,172.20.13.87
marcel@demo.com,172.20.13.88
ali@demo.com,172.20.13.89
jackson@demo.com,172.20.13.90
raphael@demo.com,172.20.13.91
bryon@demo.com,172.20.13.92
armand@demo.com,172.20.13.93
alvaro@demo.com,172.20.13.94
jeffry@demo.com,172.20.13.95
dane@demo.com,172.20.13.96
joesph@demo.com,172.20.13.97
thurman@demo.com,172.20.13.98
ned@demo.com,172.20.13.99
sammie@demo.com,172.20.13.100
rusty@demo.com,172.20.13.101
michel@demo.com,172.20.13.102
monty@demo.com,172.20.13.103
rory@demo.com,172.20.13.104
fabian@demo.com,172.20.13.105
reggie@demo.com,172.20.13.106
mason@demo.com,172.20.13.107
graham@demo.com,172.20.13.108
kris@demo.com,172.20.13.109
isaiah@demo.com,172.20.13.110
vaughn@demo.com,172.20.13.111
gus@demo.com,172.20.13.112
avery@demo.com,172.20.13.113
loyd@demo.com,172.20.13.114
diego@demo.com,172.20.13.115
alexis@demo.com,172.20.13.116
adolph@demo.com,172.20.13.117
norris@demo.com,172.20.13.118
millard@demo.com,172.20.13.119
rocco@demo.com,172.20.13.120
gonzalo@demo.com,172.20.13.121
derick@demo.com,172.20.13.122
rodrigo@demo.com,172.20.13.123
gerry@demo.com,172.20.13.124
stacey@demo.com,172.20.13.125
carmen@demo.com,172.20.13.126
wiley@demo.com,172.20.13.127
rigoberto@demo.com,172.20.13.128
alphonso@demo.com,172.20.13.129
ty@demo.com,172.20.13.130
shelby@demo.com,172.20.13.131
rickie@demo.com,172.20.13.132
noe@demo.com,172.20.13.133
vern@demo.com,172.20.13.134
bobbie@demo.com,172.20.13.135
reed@demo.com,172.20.13.136
jefferson@demo.com,172.20.13.137
elvis@demo.com,172.20.13.138
bernardo@demo.com,172.20.13.139
mauricio@demo.com,172.20.13.140
hiram@demo.com,172.20.13.141
donovan@demo.com,172.20.13.142
basil@demo.com,172.20.13.143
riley@demo.com,172.20.13.144
ollie@demo.com,172.20.13.145
nickolas@demo.com,172.20.13.146
maynard@demo.com,172.20.13.147
scot@demo.com,172.20.13.148
vince@demo.com,172.20.13.149
quincy@demo.com,172.20.13.150
eddy@demo.com,172.20.13.151
sebastian@demo.com,172.20.13.152
federico@demo.com,172.20.13.153
ulysses@demo.com,172.20.13.154
heriberto@demo.com,172.20.13.155
donnell@demo.com,172.20.13.156
cole@demo.com,172.20.13.157
denny@demo.com,172.20.13.158
davis@demo.com,172.20.13.159
gavin@demo.com,172.20.13.160
emery@demo.com,172.20.13.161
ward@demo.com,172.20.13.162
romeo@demo.com,172.20.13.163
jayson@demo.com,172.20.13.164
dion@demo.com,172.20.13.165
dante@demo.com,172.20.13.166
clement@demo.com,172.20.13.167
coy@demo.com,172.20.13.168
odell@demo.com,172.20.13.169
maxwell@demo.com,172.20.13.170
jarvis@demo.com,172.20.13.171
bruno@demo.com,172.20.13.172
issac@demo.com,172.20.13.173
mary@demo.com,172.20.13.174
dudley@demo.com,172.20.13.175
brock@demo.com,172.20.13.176
sanford@demo.com,172.20.13.177
colby@demo.com,172.20.13.178
carmelo@demo.com,172.20.13.179
barney@demo.com,172.20.13.180
nestor@demo.com,172.20.13.181
hollis@demo.com,172.20.13.182
stefan@demo.com,172.20.13.183
donny@demo.com,172.20.13.184
art@demo.com,172.20.13.185
linwood@demo.com,172.20.13.186
beau@demo.com,172.20.13.187
weldon@demo.com,172.20.13.188
galen@demo.com,172.20.13.189
isidro@demo.com,172.20.13.190
truman@demo.com,172.20.13.191
delmar@demo.com,172.20.13.192
johnathon@demo.com,172.20.13.193
silas@demo.com,172.20.13.194
frederic@demo.com,172.20.13.195
kirby@demo.com,172.20.13.196
irwin@demo.com,172.20.13.197
cruz@demo.com,172.20.13.198
merlin@demo.com,172.20.13.199
merrill@demo.com,172.20.13.200
charley@demo.com,172.20.13.201
marcelino@demo.com,172.20.13.202
lane@demo.com,172.20.13.203
harris@demo.com,172.20.13.204
cleo@demo.com,172.20.13.205
carlo@demo.com,172.20.13.206
trenton@demo.com,172.20.13.207
kurtis@demo.com,172.20.13.208
hunter@demo.com,172.20.13.209
aurelio@demo.com,172.20.13.210
winfred@demo.com,172.20.13.211
vito@demo.com,172.20.13.212
collin@demo.com,172.20.13.213
denver@demo.com,172.20.13.214
carter@demo.com,172.20.13.215
leonel@demo.com,172.20.13.216
emory@demo.com,172.20.13.217
pasquale@demo.com,172.20.13.218
mohammad@demo.com,172.20.13.219
mariano@demo.com,172.20.13.220
danial@demo.com,172.20.13.221
blair@demo.com,172.20.13.222
landon@demo.com,172.20.13.223
dirk@demo.com,172.20.13.224
branden@demo.com,172.20.13.225
adan@demo.com,172.20.13.226
numbers@demo.com,172.20.13.227
clair@demo.com,172.20.13.228
buford@demo.com,172.20.13.229
german@demo.com,172.20.13.230
bernie@demo.com,172.20.13.231
wilmer@demo.com,172.20.13.232
joan@demo.com,172.20.13.233
emerson@demo.com,172.20.13.234
zachery@demo.com,172.20.13.235
fletcher@demo.com,172.20.13.236
jacques@demo.com,172.20.13.237
errol@demo.com,172.20.13.238
dalton@demo.com,172.20.13.239
monroe@demo.com,172.20.14.49
josue@demo.com,172.20.14.50
dominique@demo.com,172.20.14.51
edwardo@demo.com,172.20.14.52
booker@demo.com,172.20.14.53
wilford@demo.com,172.20.14.54
sonny@demo.com,172.20.14.55
shelton@demo.com,172.20.14.56
carson@demo.com,172.20.14.57
theron@demo.com,172.20.14.58
raymundo@demo.com,172.20.14.59
daren@demo.com,172.20.14.60
tristan@demo.com,172.20.14.61
houston@demo.com,172.20.14.62
robby@demo.com,172.20.14.63
lincoln@demo.com,172.20.14.64
jame@demo.com,172.20.14.65
genaro@demo.com,172.20.14.66
gale@demo.com,172.20.14.67
bennett@demo.com,172.20.14.68
octavio@demo.com,172.20.14.69
cornell@demo.com,172.20.14.70
laverne@demo.com,172.20.14.71
hung@demo.com,172.20.14.72
arron@demo.com,172.20.14.73
antony@demo.com,172.20.14.74
herschel@demo.com,172.20.14.75
alva@demo.com,172.20.14.76
giovanni@demo.com,172.20.14.77
garth@demo.com,172.20.14.78
cyrus@demo.com,172.20.14.79
cyril@demo.com,172.20.14.80
ronny@demo.com,172.20.14.81
stevie@demo.com,172.20.14.82
lon@demo.com,172.20.14.83
freeman@demo.com,172.20.14.84
erin@demo.com,172.20.14.85
duncan@demo.com,172.20.14.86
kennith@demo.com,172.20.14.87
carmine@demo.com,172.20.14.88
augustine@demo.com,172.20.14.89
young@demo.com,172.20.14.90
erich@demo.com,172.20.14.91
chadwick@demo.com,172.20.14.92
wilburn@demo.com,172.20.14.93
russ@demo.com,172.20.14.94
reid@demo.com,172.20.14.95
myles@demo.com,172.20.14.96
anderson@demo.com,172.20.14.97
morton@demo.com,172.20.14.98
jonas@demo.com,172.20.14.99
forest@demo.com,172.20.14.100
mitchel@demo.com,172.20.14.101
mervin@demo.com,172.20.14.102
zane@demo.com,172.20.14.103
rich@demo.com,172.20.14.104
jamel@demo.com,172.20.14.105
lazaro@demo.com,172.20.14.106
alphonse@demo.com,172.20.14.107
randell@demo.com,172.20.14.108
major@demo.com,172.20.14.109
johnie@demo.com,172.20.14.110
jarrett@demo.com,172.20.14.111
brooks@demo.com,172.20.14.112
ariel@demo.com,172.20.14.113
abdul@demo.com,172.20.14.114
dusty@demo.com,172.20.14.115
luciano@demo.com,172.20.14.116
lindsey@demo.com,172.20.14.117
tracey@demo.com,172.20.14.118
seymour@demo.com,172.20.14.119
scottie@demo.com,172.20.14.120
eugenio@demo.com,172.20.14.121
mohammed@demo.com,172.20.14.122
sandy@demo.com,172.20.14.123
valentin@demo.com,172.20.14.124
chance@demo.com,172.20.14.125
arnulfo@demo.com,172.20.14.126
lucien@demo.com,172.20.14.127
ferdinand@demo.com,172.20.14.128
thad@demo.com,172.20.14.129
ezra@demo.com,172.20.14.130
sydney@demo.com,172.20.14.131
aldo@demo.com,172.20.14.132
rubin@demo.com,172.20.14.133
royal@demo.com,172.20.14.134
mitch@demo.com,172.20.14.135
earle@demo.com,172.20.14.136
abe@demo.com,172.20.14.137
wyatt@demo.com,172.20.14.138
marquis@demo.com,172.20.14.139
lanny@demo.com,172.20.14.140
kareem@demo.com,172.20.14.141
jamar@demo.com,172.20.14.142
boris@demo.com,172.20.14.143
isiah@demo.com,172.20.14.144
emile@demo.com,172.20.14.145
elmo@demo.com,172.20.14.146
aron@demo.com,172.20.14.147
leopoldo@demo.com,172.20.14.148
everette@demo.com,172.20.14.149
josef@demo.com,172.20.14.150
gail@demo.com,172.20.14.151
eloy@demo.com,172.20.14.152
dorian@demo.com,172.20.14.153
rodrick@demo.com,172.20.14.154
reinaldo@demo.com,172.20.14.155
lucio@demo.com,172.20.14.156
jerrod@demo.com,172.20.14.157
weston@demo.com,172.20.14.158
hershel@demo.com,172.20.14.159
barton@demo.com,172.20.14.160
parker@demo.com,172.20.14.161
lemuel@demo.com,172.20.14.162
lavern@demo.com,172.20.14.163
burt@demo.com,172.20.14.164
jules@demo.com,172.20.14.165
gil@demo.com,172.20.14.166
eliseo@demo.com,172.20.14.167
ahmad@demo.com,172.20.14.168
nigel@demo.com,172.20.14.169
efren@demo.com,172.20.14.170
antwan@demo.com,172.20.14.171
alden@demo.com,172.20.14.172
margarito@demo.com,172.20.14.173
coleman@demo.com,172.20.14.174
refugio@demo.com,172.20.14.175
dino@demo.com,172.20.14.176
osvaldo@demo.com,172.20.14.177
les@demo.com,172.20.14.178
deandre@demo.com,172.20.14.179
normand@demo.com,172.20.14.180
kieth@demo.com,172.20.14.181
ivory@demo.com,172.20.14.182
andrea@demo.com,172.20.14.183
trey@demo.com,172.20.14.184
norberto@demo.com,172.20.14.185
napoleon@demo.com,172.20.14.186
jerold@demo.com,172.20.14.187
fritz@demo.com,172.20.14.188
rosendo@demo.com,172.20.14.189
milford@demo.com,172.20.14.190
sang@demo.com,172.20.14.191
deon@demo.com,172.20.14.192
christoper@demo.com,172.20.14.193
alfonzo@demo.com,172.20.14.194
lyman@demo.com,172.20.14.195
josiah@demo.com,172.20.14.196
brant@demo.com,172.20.14.197
wilton@demo.com,172.20.14.198
rico@demo.com,172.20.14.199
jamaal@demo.com,172.20.14.200
dewitt@demo.com,172.20.14.201
carol@demo.com,172.20.14.202
brenton@demo.com,172.20.14.203
yong@demo.com,172.20.14.204
olin@demo.com,172.20.14.205
foster@demo.com,172.20.14.206
faustino@demo.com,172.20.14.207
claudio@demo.com,172.20.14.208
judson@demo.com,172.20.14.209
gino@demo.com,172.20.14.210
edgardo@demo.com,172.20.14.211
berry@demo.com,172.20.14.212
alec@demo.com,172.20.14.213
tanner@demo.com,172.20.14.214
jarred@demo.com,172.20.14.215
donn@demo.com,172.20.14.216
trinidad@demo.com,172.20.14.217
tad@demo.com,172.20.14.218
shirley@demo.com,172.20.14.219
prince@demo.com,172.20.14.220
porfirio@demo.com,172.20.14.221
odis@demo.com,172.20.14.222
maria@demo.com,172.20.14.223
lenard@demo.com,172.20.14.224
chauncey@demo.com,172.20.14.225
chang@demo.com,172.20.14.226
tod@demo.com,172.20.14.227
mel@demo.com,172.20.14.228
marcelo@demo.com,172.20.14.229
kory@demo.com,172.20.14.230
augustus@demo.com,172.20.14.231
keven@demo.com,172.20.14.232
hilario@demo.com,172.20.14.233
bud@demo.com,172.20.14.234
sal@demo.com,172.20.14.235
rosario@demo.com,172.20.14.236
orval@demo.com,172.20.14.237
mauro@demo.com,172.20.14.238
dannie@demo.com,172.20.14.239
zachariah@demo.com,172.20.15.49
olen@demo.com,172.20.15.50
anibal@demo.com,172.20.15.51
milo@demo.com,172.20.15.52
jed@demo.com,172.20.15.53
frances@demo.com,172.20.15.54
thanh@demo.com,172.20.15.55
dillon@demo.com,172.20.15.56
amado@demo.com,172.20.15.57
newton@demo.com,172.20.15.58
connie@demo.com,172.20.15.59
lenny@demo.com,172.20.15.60
tory@demo.com,172.20.15.61
richie@demo.com,172.20.15.62
lupe@demo.com,172.20.15.63
horacio@demo.com,172.20.15.64
brice@demo.com,172.20.15.65
mohamed@demo.com,172.20.15.66
delmer@demo.com,172.20.15.67
dario@demo.com,172.20.15.68
reyes@demo.com,172.20.15.69
dee@demo.com,172.20.15.70
mac@demo.com,172.20.15.71
jonah@demo.com,172.20.15.72
jerrold@demo.com,172.20.15.73
robt@demo.com,172.20.15.74
hank@demo.com,172.20.15.75
sung@demo.com,172.20.15.76
rupert@demo.com,172.20.15.77
rolland@demo.com,172.20.15.78
kenton@demo.com,172.20.15.79
damion@demo.com,172.20.15.80
chi@demo.com,172.20.15.81
antone@demo.com,172.20.15.82
waldo@demo.com,172.20.15.83
fredric@demo.com,172.20.15.84
bradly@demo.com,172.20.15.85
quinn@demo.com,172.20.15.86
kip@demo.com,172.20.15.87
burl@demo.com,172.20.15.88
walker@demo.com,172.20.15.89
tyree@demo.com,172.20.15.90
jefferey@demo.com,172.20.15.91
ahmed@demo.com,172.20.15.92
willy@demo.com,172.20.15.93
stanford@demo.com,172.20.15.94
oren@demo.com,172.20.15.95
noble@demo.com,172.20.15.96
moshe@demo.com,172.20.15.97
mikel@demo.com,172.20.15.98
enoch@demo.com,172.20.15.99
brendon@demo.com,172.20.15.100
quintin@demo.com,172.20.15.101
jamison@demo.com,172.20.15.102
florencio@demo.com,172.20.15.103
darrick@demo.com,172.20.15.104
tobias@demo.com,172.20.15.105
minh@demo.com,172.20.15.106
hassan@demo.com,172.20.15.107
giuseppe@demo.com,172.20.15.108
demarcus@demo.com,172.20.15.109
cletus@demo.com,172.20.15.110
tyrell@demo.com,172.20.15.111
lyndon@demo.com,172.20.15.112
keenan@demo.com,172.20.15.113
werner@demo.com,172.20.15.114
theo@demo.com,172.20.15.115
geraldo@demo.com,172.20.15.116
lou@demo.com,172.20.15.117
columbus@demo.com,172.20.15.118
chet@demo.com,172.20.15.119
bertram@demo.com,172.20.15.120
markus@demo.com,172.20.15.121
huey@demo.com,172.20.15.122
hilton@demo.com,172.20.15.123
dwain@demo.com,172.20.15.124
donte@demo.com,172.20.15.125
tyron@demo.com,172.20.15.126
omer@demo.com,172.20.15.127
isaias@demo.com,172.20.15.128
hipolito@demo.com,172.20.15.129
fermin@demo.com,172.20.15.130
chung@demo.com,172.20.15.131
adalberto@demo.com,172.20.15.132
valentine@demo.com,172.20.15.133
jamey@demo.com,172.20.15.134
bo@demo.com,172.20.15.135
barrett@demo.com,172.20.15.136
whitney@demo.com,172.20.15.137
teodoro@demo.com,172.20.15.138
mckinley@demo.com,172.20.15.139
maximo@demo.com,172.20.15.140
garfield@demo.com,172.20.15.141
sol@demo.com,172.20.15.142
raleigh@demo.com,172.20.15.143
lawerence@demo.com,172.20.15.144
abram@demo.com,172.20.15.145
rashad@demo.com,172.20.15.146
king@demo.com,172.20.15.147
emmitt@demo.com,172.20.15.148
daron@demo.com,172.20.15.149
chong@demo.com,172.20.15.150
samual@demo.com,172.20.15.151
paris@demo.com,172.20.15.152
otha@demo.com,172.20.15.153
miquel@demo.com,172.20.15.154
lacy@demo.com,172.20.15.155
eusebio@demo.com,172.20.15.156
dong@demo.com,172.20.15.157
domenic@demo.com,172.20.15.158
darron@demo.com,172.20.15.159
buster@demo.com,172.20.15.160
antonia@demo.com,172.20.15.161
wilber@demo.com,172.20.15.162
renato@demo.com,172.20.15.163
jc@demo.com,172.20.15.164
hoyt@demo.com,172.20.15.165
haywood@demo.com,172.20.15.166
ezekiel@demo.com,172.20.15.167
chas@demo.com,172.20.15.168
florentino@demo.com,172.20.15.169
elroy@demo.com,172.20.15.170
clemente@demo.com,172.20.15.171
arden@demo.com,172.20.15.172
neville@demo.com,172.20.15.173
kelley@demo.com,172.20.15.174
edison@demo.com,172.20.15.175
deshawn@demo.com,172.20.15.176
carrol@demo.com,172.20.15.177
shayne@demo.com,172.20.15.178
nathanial@demo.com,172.20.15.179
jordon@demo.com,172.20.15.180
danilo@demo.com,172.20.15.181
claud@demo.com,172.20.15.182
val@demo.com,172.20.15.183
sherwood@demo.com,172.20.15.184
raymon@demo.com,172.20.15.185
rayford@demo.com,172.20.15.186
cristobal@demo.com,172.20.15.187
ambrose@demo.com,172.20.15.188
titus@demo.com,172.20.15.189
hyman@demo.com,172.20.15.190
felton@demo.com,172.20.15.191
ezequiel@demo.com,172.20.15.192
erasmo@demo.com,172.20.15.193
stanton@demo.com,172.20.15.194
lonny@demo.com,172.20.15.195
len@demo.com,172.20.15.196
ike@demo.com,172.20.15.197
milan@demo.com,172.20.15.198
lino@demo.com,172.20.15.199
jarod@demo.com,172.20.15.200
herb@demo.com,172.20.15.201
andreas@demo.com,172.20.15.202
walton@demo.com,172.20.15.203
rhett@demo.com,172.20.15.204
palmer@demo.com,172.20.15.205
jude@demo.com,172.20.15.206
douglass@demo.com,172.20.15.207
cordell@demo.com,172.20.15.208
oswaldo@demo.com,172.20.15.209
ellsworth@demo.com,172.20.15.210
virgilio@demo.com,172.20.15.211
toney@demo.com,172.20.15.212
nathanael@demo.com,172.20.15.213
del@demo.com,172.20.15.214
britt@demo.com,172.20.15.215
benedict@demo.com,172.20.15.216
mose@demo.com,172.20.15.217
hong@demo.com,172.20.15.218
leigh@demo.com,172.20.15.219
johnson@demo.com,172.20.15.220
isreal@demo.com,172.20.15.221
gayle@demo.com,172.20.15.222
garret@demo.com,172.20.15.223
fausto@demo.com,172.20.15.224
asa@demo.com,172.20.15.225
arlen@demo.com,172.20.15.226
zack@demo.com,172.20.15.227
warner@demo.com,172.20.15.228
modesto@demo.com,172.20.15.229
francesco@demo.com,172.20.15.230
manual@demo.com,172.20.15.231
jae@demo.com,172.20.15.232
gaylord@demo.com,172.20.15.233
gaston@demo.com,172.20.15.234
filiberto@demo.com,172.20.15.235
deangelo@demo.com,172.20.15.236
michale@demo.com,172.20.15.237
granville@demo.com,172.20.15.238
wes@demo.com,172.20.15.239
malik@demo.com,172.20.16.49
zackary@demo.com,172.20.16.50
tuan@demo.com,172.20.16.51
nicky@demo.com,172.20.16.52
eldridge@demo.com,172.20.16.53
cristopher@demo.com,172.20.16.54
cortez@demo.com,172.20.16.55
antione@demo.com,172.20.16.56
malcom@demo.com,172.20.16.57
long@demo.com,172.20.16.58
korey@demo.com,172.20.16.59
jospeh@demo.com,172.20.16.60
colton@demo.com,172.20.16.61
waylon@demo.com,172.20.16.62
von@demo.com,172.20.16.63
hosea@demo.com,172.20.16.64
shad@demo.com,172.20.16.65
santo@demo.com,172.20.16.66
rudolf@demo.com,172.20.16.67
rolf@demo.com,172.20.16.68
rey@demo.com,172.20.16.69
renaldo@demo.com,172.20.16.70
marcellus@demo.com,172.20.16.71
lucius@demo.com,172.20.16.72
lesley@demo.com,172.20.16.73
kristofer@demo.com,172.20.16.74
boyce@demo.com,172.20.16.75
benton@demo.com,172.20.16.76
man@demo.com,172.20.16.77
kasey@demo.com,172.20.16.78
jewell@demo.com,172.20.16.79
hayden@demo.com,172.20.16.80
harland@demo.com,172.20.16.81
arnoldo@demo.com,172.20.16.82
rueben@demo.com,172.20.16.83
leandro@demo.com,172.20.16.84
kraig@demo.com,172.20.16.85
jerrell@demo.com,172.20.16.86
jeromy@demo.com,172.20.16.87
hobert@demo.com,172.20.16.88
cedrick@demo.com,172.20.16.89
arlie@demo.com,172.20.16.90
winford@demo.com,172.20.16.91
wally@demo.com,172.20.16.92
patricia@demo.com,172.20.16.93
luigi@demo.com,172.20.16.94
keneth@demo.com,172.20.16.95
jacinto@demo.com,172.20.16.96
graig@demo.com,172.20.16.97
franklyn@demo.com,172.20.16.98
edmundo@demo.com,172.20.16.99
sid@demo.com,172.20.16.100
porter@demo.com,172.20.16.101
leif@demo.com,172.20.16.102
lauren@demo.com,172.20.16.103
jeramy@demo.com,172.20.16.104
elisha@demo.com,172.20.16.105
buck@demo.com,172.20.16.106
willian@demo.com,172.20.16.107
vincenzo@demo.com,172.20.16.108
shon@demo.com,172.20.16.109
michal@demo.com,172.20.16.110
lynwood@demo.com,172.20.16.111
lindsay@demo.com,172.20.16.112
jewel@demo.com,172.20.16.113
jere@demo.com,172.20.16.114
hai@demo.com,172.20.16.115
elden@demo.com,172.20.16.116
dorsey@demo.com,172.20.16.117
darell@demo.com,172.20.16.118
broderick@demo.com,172.20.16.119
alonso@demo.com,172.20.16.120
